radius_average,radius_median,radius_range,radius_sd
14.127291739894552,13.37,6.981,3.5240488262120775
14.127291739894552,13.37,28.11,3.5240488262120775
