diagnosis,radius_average,radius_median,radius_range,radius_sd
B,12.14652380952381,12.2,6.981,1.7805116461410393
B,12.14652380952381,12.2,17.85,1.7805116461410393
M,17.462830188679245,17.325000000000003,10.95,3.203971100779367
M,17.462830188679245,17.325000000000003,28.11,3.203971100779367
